<?xml version="1.0" encoding="UTF-8"?>
<html>
 <body>
  <rss version="2.0" xmlns:atom="http://www.w3.org/2005/Atom">
   <channel>
    <title>
     Bitcoin Core
    </title>
    <description>
    </description>
    <link/>
    https://bitcoincore.org
    <atom:link href="https://bitcoincore.org/en/announcements.xml" rel="self" type="application/rss+xml">
    </atom:link>
    <item>
     <title>
      Bitcoin Core 23.1 released
     </title>
     <description>
      &lt;p&gt;Bitcoin Core version 23.1 is now available for &lt;a href="/en/download"&gt;download&lt;/a&gt;.  See the &lt;a href="/en/releases/23.1/"&gt;release notes&lt;/a&gt; for more information about the many
new features and bug fixes in this release.&lt;/p&gt;

&lt;p&gt;If you have any questions, please stop by the #bitcoin IRC chatroom
(&lt;a href="irc://irc.libera.chat/bitcoin"&gt;IRC&lt;/a&gt;, &lt;a href="https://web.libera.chat/#bitcoin"&gt;web&lt;/a&gt;) and we’ll do our best to help you.&lt;/p&gt;
     </description>
     <pubdate>
      Wed, 21 Dec 2022 00:00:00 -0500
     </pubdate>
     <link/>
     https://bitcoincore.org/en/2022/12/21/release-23.1/
     <guid ispermalink="true">
      https://bitcoincore.org/en/2022/12/21/release-23.1/
     </guid>
    </item>
    <item>
     <title>
      Bitcoin Core 22.1 released
     </title>
     <description>
      &lt;p&gt;Bitcoin Core version 22.1 is now available for &lt;a href="/en/download"&gt;download&lt;/a&gt;.  See the &lt;a href="/en/releases/22.1/"&gt;release notes&lt;/a&gt; for more information about the many
new features and bug fixes in this release.&lt;/p&gt;

&lt;p&gt;If you have any questions, please stop by the #bitcoin IRC chatroom
(&lt;a href="irc://irc.libera.chat/bitcoin"&gt;IRC&lt;/a&gt;, &lt;a href="https://web.libera.chat/#bitcoin"&gt;web&lt;/a&gt;) and we’ll do our best to help you.&lt;/p&gt;
     </description>
     <pubdate>
      Thu, 15 Dec 2022 00:00:00 -0500
     </pubdate>
     <link/>
     https://bitcoincore.org/en/2022/12/15/release-22.1/
     <guid ispermalink="true">
      https://bitcoincore.org/en/2022/12/15/release-22.1/
     </guid>
    </item>
    <item>
     <title>
      Bitcoin Core 24.0.1 released
     </title>
     <description>
      &lt;p&gt;Bitcoin Core version 24.0.1 is now available for &lt;a href="/en/download"&gt;download&lt;/a&gt;.  See the &lt;a href="/en/releases/24.0.1/"&gt;release notes&lt;/a&gt; for more information about the many
new features and bug fixes in this release.&lt;/p&gt;

&lt;p&gt;If you have any questions, please stop by the #bitcoin IRC chatroom
(&lt;a href="irc://irc.libera.chat/bitcoin"&gt;IRC&lt;/a&gt;, &lt;a href="https://web.libera.chat/#bitcoin"&gt;web&lt;/a&gt;) and we’ll do our best to help you.&lt;/p&gt;
     </description>
     <pubdate>
      Mon, 12 Dec 2022 00:00:00 -0500
     </pubdate>
     <link/>
     https://bitcoincore.org/en/2022/12/12/release-24.0.1/
     <guid ispermalink="true">
      https://bitcoincore.org/en/2022/12/12/release-24.0.1/
     </guid>
    </item>
    <item>
     <title>
      Bitcoin Core 23.0 released
     </title>
     <description>
      &lt;p&gt;Bitcoin Core version 23.0 is now available for &lt;a href="/en/download"&gt;download&lt;/a&gt;.  See the &lt;a href="/en/releases/23.0/"&gt;release notes&lt;/a&gt; for more information about the many
new features and bug fixes in this release.&lt;/p&gt;

&lt;p&gt;If have any questions, please stop by the #bitcoin IRC chatroom
(&lt;a href="irc://irc.libera.chat/bitcoin"&gt;IRC&lt;/a&gt;, &lt;a href="https://web.libera.chat/#bitcoin"&gt;web&lt;/a&gt;) and we’ll do our best to help you.&lt;/p&gt;
     </description>
     <pubdate>
      Mon, 25 Apr 2022 00:00:00 -0400
     </pubdate>
     <link/>
     https://bitcoincore.org/en/2022/04/25/release-23.0/
     <guid ispermalink="true">
      https://bitcoincore.org/en/2022/04/25/release-23.0/
     </guid>
    </item>
    <item>
     <title>
      Bitcoin Core 0.20.2 released
     </title>
     <description>
      &lt;p&gt;Bitcoin Core version 0.20.2 is now available for &lt;a href="/en/download"&gt;download&lt;/a&gt;.  See the &lt;a href="/en/releases/0.20.2/"&gt;release notes&lt;/a&gt; for more information about the many
new features and bug fixes in this release.&lt;/p&gt;

&lt;p&gt;If have any questions, please stop by the #bitcoin IRC chatroom
(&lt;a href="irc://irc.libera.chat/bitcoin"&gt;IRC&lt;/a&gt;, &lt;a href="https://web.libera.chat/#bitcoin"&gt;web&lt;/a&gt;) and we’ll do our best to help you.&lt;/p&gt;
     </description>
     <pubdate>
      Tue, 26 Oct 2021 00:00:00 -0400
     </pubdate>
     <link/>
     https://bitcoincore.org/en/2021/10/26/release-0.20.2/
     <guid ispermalink="true">
      https://bitcoincore.org/en/2021/10/26/release-0.20.2/
     </guid>
    </item>
   </channel>
  </rss>
 </body>
</html>
